artist_name,country
"""Weird Al"" Yankovic",US
$NOT,US
$uicideboy$,US
(G)I-DLE,
*NSYNC,US
+44,US
03 Greedo,US
10 Ft. Ganja Plant,US
10 Years,US
"10,000 Maniacs",US
10cc,GB
112,US
1nonly,US
2 Chainz,US
2 LIVE CREW,US
2 Unlimited,NL
21 Savage,US
24kGoldn,US
2Pac,US
3 Doors Down,US
311,US
38 Special,US
3BallMTY,
3LW,US
3OH!3,US
4 Non Blondes,US
42 Dugg,US
5 Seconds of Summer,AU
50 Cent,US
69 Boyz,US
6LACK,US
6arelyhuman,US
6ix9ine,US
702,US
80purppp,CA
98º,
A Boogie Wit da Hoodie,US
A Day To Remember,US
A Great Big World,US
A Perfect Circle,US
A Touch Of Class,
A Tribe Called Quest,US
A$AP Ferg,
A$AP Rocky,US
ABBA,SE
AC/DC,AU
AFI,US
AJJ,US
AJR,US
ALO,NO
AURORA,NO
AWOLNATION,US
Aaliyah,US
Aaron Lewis,US
Aaron May,
Aaron Neville,US
Aaron Smith,US
Aaron Tippin,US
Aaron Y Su Grupo Ilusion,
Abel Zavala,
Ace of Base,SE
Adalberto Santiago,PR
Adam Hicks,US
Adam Lambert,US
Adan Romero,
Adele,GB
Adelitas Way,US
Adelmar Borrego,
Adina Howard,US
Adolescent's Orquesta,VE
Adriana Caselotti,US
Aerosmith,US
Afrika Bambaataa,US
Afroman,US
After 7,US
Air,FR
Air Supply,AU
Airbourne,AU
Akon,SN
Akwid,US
Al B. Sure!,US
Alabama,
Alabama Shakes,US
Alacranes Musical,
Alan Jackson,US
Alanis Morissette,CA
Alannah Myles,CA
Albert Collins,US
Alberto Pedraza,MX
Aldo Trujillo,MX
Alec Benjamin,US
Alejandra Guzman,MX
Alejandro Fernández,MX
Alejandro Sanz,ES
Aleks Syntek,MX
Alessia Cara,CA
Alesso,SE
Alex & Sierra,
Alex Bueno,DO
Alex Clare,GB
Alex G,US
Alex Gargolas,PR
Alex Gaudino,IT
Alex Ubago,ES
Alexander 23,
Alexander Rybak,NO
Alexander Scriabin,
Alexandra Stan,RO
Alexi Murdoch,GB
Alexis y Fido,
Alexisonfire,CA
Alfredo Olivas,MX
Ali Gatie,CA
Alice Cooper,US
Alice Deejay,NL
Alice In Chains,US
Alicia Keys,US
Alicia Myers,US
Alien Ant Farm,US
Alison Krauss,US
Alison Krauss & Union Station,US
All That Remains,US
All Time Low,US
All-4-One,US
Allman Brothers Band,US
Alter Bridge,US
Alvvays,CA
Aly & AJ,US
Amaarae,GH
Amanda Seyfried,US
Amber,NL
Amber Run,GB
American Authors,US
American Football,US
American Hi-Fi,US
Amerie,US
Aminé,US
Amos Lee,US
Amy Adams,US
Amy Grant,US
Amy Winehouse,GB
Ana Bárbara,
Ana Gabriel,MX
Anarbor,US
Anberlin,US
Andra Day,US
Andrea Bocelli,IT
Andrew Lloyd Webber,GB
Andrew W.K.,
Andrés Calamaro,AR
Andy Grammer,US
Andy Montañez,PR
Angel Y Khriz,
Angela Lansbury,US
Angus & Julia Stone,AU
Aniceto Molina,US
Anika Noni Rose,US
Animotion,US
Anna Nalick,US
Anne-Marie,GB
AnnenMayKantereit,DE
Annie Lennox,GB
Anquette Allen,
Anthony Gonzalez,FR
Anthony Hamilton,US
Anthony Santos,
Anthrax,US
Antonio Aguilar,MX
Antonín Dvořák,CZ
Anuel AA,PR
Aphex Twin,
Apocalyptica,FI
April Wine,CA
Aqua,DK
Arcade Fire,CA
Arcangelo Corelli,IT
Archie Eversole,US
Arctic Monkeys,GB
Arcángel,PR
Ariana Grande,US
Ariel Camacho y Los Plebes Del Rancho,
Arizona Zervas,US
Army Of Lovers,SE
Arrested Development,US
Artie Shaw,US
Ashanti,US
Ashe,US
Asher Roth,US
Ashes Remain,US
Ashlee Simpson,US
Asking Alexandria,GB
Atlantic Starr,US
Atlus,
Atomic Kitten,GB
Atreyu,US
Audioslave,US
August Alsina,US
Augustana,US
Auli'i Cravalho,
Autoheart,GB
Ava Max,US
Avant,US
Avenged Sevenfold,US
Aventura,US
Avicii,SE
Avril Lavigne,CA
Axwell /\ Ingrosso,
Ayesha Erotica,US
Azul Azul,BO
B*Witched,IE
B.B. King,US
B.o.B,US
B2K,US
BADBADNOTGOOD,CA
BLACKPINK,KR
BONES,US
BOYS LIKE GIRLS,US
BTS,KR
Baby Bash,US
Baby Boy Da Prince,US
Baby Keem,US
Baby Smoove,US
Baby Tate,US
Babyface,US
Bacilos,US
Backstreet Boys,US
Bad Bunny,PR
Bad Company,GB
Bad English,US
Bad Gyal,
Bad Meets Evil,US
Bad Omens,US
Bad Religion,US
Bad Suns,US
Bag Raiders,AU
Baha Men,BS
Bahamas,CA
Bailey Zimmerman,US
Bakar,GB
Bambee,NO
Bananarama,GB
Band of Horses,US
Banda Arkangel R-15,
Banda El Recodo,
Banda La Costeña,
Banda Los Recoditos,
Banda MS de Sergio Lizárraga,
Banda Machos,MX
Banda Maguey,MX
Banda Pequeños Musical,
Banda Tierra Sagrada,
Banda Toro,MX
Banda Zeta,MX
Barbra Streisand,US
Barenaked Ladies,CA
Barney,US
Barrett Strong,US
Barrington Levy,JM
Barry White,US
Basement,GB
Basement Jaxx,GB
Bastille,GB
Bazzi,US
Beach Bunny,US
Beach House,US
Beach Weather,
Beartooth,US
Beastie Boys,US
Beatriz Adriana,MX
Bebe & Cece Winans,US
Bebe Rexha,US
Beck,DE
Becky G,US
Bedroom,ES
Bee Gees,GB
Beenie Man,JM
Belanova,MX
Belinda Carlisle,US
Bell Biv DeVoe,US
Ben Folds Five,US
Ben Harper,US
Ben Harper And The Innocent Criminals,US
Ben Howard,GB
Ben Rector,US
Benny Benassi,IT
Benny Goodman,US
Benson Boone,US
Berlin,US
Beto Quintanilla,MX
Bette Midler,US
Better Than Ezra,US
Betty Wright,US
Beyoncé,US
Beyond,HK
Big & Rich,US
Big Boy,US
Big Daddy Kane,US
Big L,US
Big Mama Thornton,US
Big Mountain,US
Big Pun,US
Big Sean,US
Big Time Rush,US
Big Tymers,US
BigKayBeezy,US
BigXthaPlug,
Bill Medley,US
Bill Withers,US
Billie Eilish,US
Billy Bragg,GB
Billy Crystal,US
Billy Currington,US
Billy Dean,US
Billy Idol,GB
Billy Joel,US
Billy Ocean,GB
Billy Ray Cyrus,US
Billy Squier,US
Billy Stewart,US
Binomio de Oro de América,CO
Birdman,US
Birdy,GB
Biz Markie,US
Bizarrap,AR
Björk,IS
Black Box,IT
Black Box Recorder,GB
Black Eyed Peas,US
Black Gryph0n,
Black Label Society,US
Black Rob,US
Black Sheep,US
Black Star,US
Black Veil Brides,
BlackHawk,US
Blackstreet,US
Blackway,US
Blake Shelton,US
Blaque,US
Bleachers,US
Blessid Union Of Souls,US
Blind Melon,US
Blitzen Trapper,US
Bloc Party,GB
BlocBoy JB,US
Blondie,US
Bloodhound Gang,US
Bloodstone,US
Blu Cantrell,US
Blue Foundation,DK
Blue October,US
Blue Swede,SE
Blues Traveler,US
Blur,GB
Bo Burnham,US
Boards of Canada,GB
Bob Andy,JM
Bob Marley & The Wailers,JM
Bob Seger,US
Bobby Brown,US
Bobby Caldwell,US
Bobby Darin,US
Bobby McFerrin,US
Bobby Pulido,US
Bobby Shmurda,
Bobby Timmons Trio,US
Bobby V.,US
Bon Iver,US
Bon Jovi,US
Bone Crusher,US
Bone Thugs-N-Harmony,US
Bonnie Raitt,US
Bonnie Tyler,GB
Boosie Badazz,US
Bootsy Collins,US
Boston,
Bow Wow,JP
Bowling For Soup,US
Box Car Racer,US
Boy Meets Girl,US
Boyz II Men,US
Brad Kane,US
Brad Paisley,US
Brand New,US
Brandi Carlile,US
Brandon Lake,US
Brandy,US
Brantley Gilbert,US
Breaking Benjamin,US
Brenda Russell,US
Brent Cobb,US
Brent Faiyaz,US
Brett Eldredge,US
Brett Young,US
Brian McKnight,US
Bridgit Mendler,US
Bright Eyes,US
Bring Me The Horizon,GB
Briston Maroney,US
Britney Spears,US
Broken Bells,US
Bronco,MX
Bronco El Gigante de America,
Brooks & Dunn,US
Brothers Osborne,US
Brown Noise for Babies,
Brownstone,US
Bruce Adler,US
Bruce Cockburn,CA
Bruce Hornsby,US
Bruce Springsteen,US
Bruno Mars,US
Bryan Adams,CA
Bryan Martin,
Bryson Tiller,US
Bubba Sparxxx,US
Buck Owens,US
Buckcherry,US
Buddy Guy,US
Buena Vista Social Club,CU
Built To Spill,US
Bullet For My Valentine,GB
Burna Boy,NG
Bush,
Busta Rhymes,US
Buster Poindexter And His Banshees Of Blue,
Butthole Surfers,US
BØRNS,US
C & C Music Factory,
C.W. McCall,US
C418,DE
CAKE,US
CHAD,
CKY,
CKay,NG
COIN,
CORPSE,US
Ca$h Out,
Caamp,US
Caballo Dorado,
Caesars,SE
Cafuné,US
Café Tacvba,MX
Cage The Elephant,US
Caifanes,MX
Cali Swag District,US
Calibre 50,MX
Calle 13,PR
Calum Scott,GB
Calvin Harris,
Cam,FR
Cameo,US
Camila,US
Camila Cabello,US
Camille,FR
Camille Saint-Saëns,FR
Camp Lo,US
Cam’ron,US
Candlebox,US
Canned Heat,US
Cannibal Corpse,US
Cannons,US
Capital Cities,US
Caramella Girls,SE
Cardenales De Nuevo León,MX
Cardi B,US
Carin Leon,MX
Carl Douglas,JM
Carl Thomas,US
Carla Morrison,MX
Carlos Baute,VE
Carlos Vives,CO
Carly Pearce,US
Carly Rae Jepsen,CA
Carly Simon,US
Carmen Twillie,US
Carolina Gaitán - La Gaita,
Carolina Liar,US
Carrie Underwood,US
Cartel De Santa,MX
Casa De Leones,
Cascada,DE
Case,US
Casey Donahew,
Cass Elliot,US
Cassadee Pope,US
Cassie,US
Casting Crowns,US
Cat Power,US
Catherine Zeta-Jones,GB
Cavetown,
CeCe Peniston,US
Cedarmont Kids,
CeeLo Green,US
Celia Cruz,CU
Celly Cel,US
Central Cee,
Chad Kroeger,CA
Chaka Demus & Pliers,JM
Chaka Khan,US
Chalino Sanchez,MX
Chamillionaire,US
Chance Peña,US
Chance the Rapper,US
Charles & Eddie,US
Charli XCX,
Charlie Parker Quartet,
Charlie Puth,US
Charlie Robison,US
Chase Atlantic,AU
Chase Matthew,US
Chase Rice,US
Chayanne,PR
Chayce Beckham,US
Cheap Trick,US
Chelo,US
Cher,US
Cher Lloyd,GB
Cherish,US
Cherub,US
Cheryl Freeman,
Chevelle,US
ChiChi Peralta,DO
Chicago,US
Chief Keef,US
Childish Gambino,US
Chingy,US
Chino & Nacho,VE
Chino Pacas,MX
Chiodos,US
Chord Overstreet,US
Chorus - Hercules,
Chris Brown,US
Chris Cagle,US
Chris Cornell,US
Chris Isaak,US
Chris Janson,US
Chris LeDoux,US
Chris Stapleton,US
Chris Tomlin,US
Chris Travis,
Chris Young,US
Chris de Burgh,GB
Christian Nodal,MX
Christina Aguilera,US
Christina Milian,US
Christina Perri,US
Christopher Cross,US
Christopher Jackson,CA
Christopher Williams,US
Chuck Berry,US
Chumbawamba,GB
Ciara,
Cigarettes After Sex,US
Cinderella,US
Cities Aviv,US
Citizen Cope,US
Citizen King,US
City Girls,US
City High,US
Clairo,US
Clara La San,GB
Claude Debussy,FR
Clay Walker,US
Clean Bandit,GB
Cliff Edwards,US
Clint Black,US
Clipse,US
Club Nouveau,US
Coal Chamber,US
Cobra Starship,US
Cochise,DE
Coconut Records,US
Cocteau Twins,
Cody Fry,
Cody Jinks,
Cody Johnson,US
Coheed and Cambria,US
Coi Leray,US
Colbie Caillat,US
Colby Acuff,US
Colby O'Donis,US
Cold,AU
Cold War Kids,US
Coldplay,GB
Cole Swindell,US
Colin Firth,GB
Collective Soul,US
Collin Raye,US
Color Me Badd,US
Colt Ford,US
Common,US
Conan Gray,US
Concrete Blonde,US
Confederate Railroad,US
Conjunto Primavera,MX
Conjunto Rienda Real,
Control,GB
Control Machete,MX
Conway Twitty,US
Coolio,US
Corey Hart,CA
Corey Kent,US
Corinne Bailey Rae,GB
Cornelio Reyna,MX
Cornelius Brothers & Sister Rose,US
Corona,IT
Corrosion Of Conformity,US
Cory Asbury,US
Cosculluela,PR
Count Bass D,US
Counting Crows,US
Cowboy Junkies,CA
Coyote Theory,
Cracker,US
Crafting Audio,
Craig David,GB
Craig Mack,US
Craig Morgan,US
Crazy Frog,DE
Crazy Town,US
Creed,US
Crime Mob,US
Cristian Castro,MX
Crofutt,
Cross Canadian Ragweed,US
Crossfade,US
Crowded House,AU
Crystal Castles,CA
Crystal Waters,US
Cuco,MX
Cuisillos De Arturo Macias,
Cults,US
Culture Club,GB
Cupid,US
Current Joys,US
Cute Is What We Aim For,US
Cutting Crew,GB
Cyndi Lauper,US
Cypress Hill,US
Céline Dion,CA
D'Angelo,US
D12,US
D4L,US
DANGERDOOM,US
DISPATCH,US
DJ Jazzy Jeff & The Fresh Prince,US
DJ Khaled,US
DJ Kool,US
DJ Quik,US
DJ Sammy,ES
DJ Scheme,
DJ Shadow,US
DJ Snake,FR
DLG,US
DMX,US
DNCE,US
DOWN,US
DRAM,US
DVRST,RU
Da Brat,US
DaBaby,US
Daddy Yankee,PR
Daft Punk,FR
Dalida,FR
Damian Marley,
Damn Yankees,US
Dan + Shay,US
Dan Fogelberg,US
Dan Hartman,US
Dance Gavin Dance,US
Daniel Caesar,CA
Daniel Calveti,
Daniel Johnston,US
Daniel Powter,CA
Daniela Romo,MX
Danny Elfman,US
Danny Kaye,US
Danny Ocean,US
Danzig,US
Darius Rucker,US
Darondo,US
Darude,FI
Daryl Hall & John Oates,US
Daryle Singletary,US
Dashboard Confessional,US
Daughter,GB
Daughtry,US
Dave,US
Dave Matthews Band,US
David Allan Coe,US
David Archuleta,US
David Arden,US
David Ball,US
David Banner,US
David Bisbal,ES
David Bowie,
David Crowder Band,US
David Gray,GB
David Guetta,FR
David Kushner,US
David Landau,US
David Lee Murphy,US
David Lee Roth,US
David Nail,US
David Pabon,PR
Dawn Penn,JM
Daya,US
Dayglow,US
Days Of The New,US
Dazz Band,US
De La Ghetto,PR
De La Soul,US
DeJ Loaf,US
Dead Kennedys,US
Dead Prez,US
Dean Lewis,AU
Deana Carter,US
Death Cab for Cutie,US
Debbie Deb,US
Debbie Gibson,US
Deborah Cox,
Declan McKenna,GB
Deee-Lite,US
Deep Blue Something,US
Deepnoum,
Def Leppard,GB
Default,
Deftones,US
Del Amitri,GB
Del The Funky Homosapien,US
Del Water Gap,US
Dem Franchize Boyz,US
Demi Lovato,US
Depeche Mode,GB
Des'ree,GB
Destiny's Child,US
Destroy Lonely,US
Dexys Midnight Runners,GB
Diamond Rio,US
Diddy,US
Diddy - Dirty Money,US
Dido,GB
Dierks Bentley,US
Digable Planets,
Digital Underground,US
Dimension Latina,VE
Dinah Washington,US
Dinosaur Jr.,US
Diomedes Diaz,CO
Dionne Warwick,US
Diplo,US
Dire Straits,GB
Disclosure,GB
Dishwalla,US
Disturbed,US
Divinyls,AU
Do Or Die,US
Dobie Gray,US
Doechii,US
Doja Cat,US
Dokken,US
Dolly Parton,US
Dominic Cooper,GB
Dominic Fike,
Don Henley,US
Don Julian & The Larks,
Don McLean,US
Don Omar,PR
Don Toliver,US
Don Williams,US
Donavon Frankenreiter,US
Donell Jones,US
Donna Fargo,US
Donna Lewis,GB
Donna Murphy,US
Donna Summer,US
Donny Osmond,US
Dope,US
Dorrough Music,
Doug Stone,US
Dove Cameron,US
Dove Shack,US
Dr. Alban,SE
Dr. Dog,US
Dr. Dre,US
DragonForce,GB
Drake,CA
Dread Mar I,AR
Dream Supplier,
Dream Theater,US
"Dream, Ivory",US
Dreamville,US
Drive-By Truckers,US
Dropkick Murphys,US
Drowning Pool,US
Dru Hill,US
Dua Lipa,GB
Duelo,US
Duffy,GB
Duncan Dhu,ES
Duncan Sheik,US
Duran Duran,GB
Duster,US
Dustin Lynch,US
Dwayne Johnson,US
Dwight Yoakam,US
Dxrk ダーク,
Dyango,ES
Dylan Scott,US
Dynamicduo,
Dynamite Hack,
E-40,US
EMF,GB
ENDUZIX,
ENHYPEN,KR
EPMD,US
ERNEST,US
Eagle-Eye Cherry,SE
Eagles,US
Eamon,US
Earl Sweatshirt,
Earl Thomas Conley,US
Earshot,US
Easton Corbin,US
Eazy-E,US
Echo & the Bunnymen,GB
Echosmith,
Ed Helms,US
Ed Sheeran,GB
Ed Sheeran & Justin Bieber,
Eddie Money,US
Eddie Palmieri,US
Eddie Rabbitt,US
Eddie Santiago,PR
Eddie Vedder,
Eddy Herrera,DO
Eddy Raven,US
Eden Muñoz,
Edie Brickell & New Bohemians,US
Edvard Grieg,NO
Edward Elgar,GB
Edward Maya,RO
Edward Sharpe & The Magnetic Zeros,US
Edwin Luna y La Trakalosa de Monterrey,MX
Edwin McCain,CA
Eels,US
Egypt Central,US
Eiffel 65,IT
El Alfa,DO
El As De La Sierra,
El Cartel De Nuevo Leon,
El Chachito,MX
El Chapo De Sinaloa,MX
El Coyote Y Su Banda Tierra Santa,MX
El General,PA
El Gran Combo De Puerto Rico,PR
El Halcon De La Sierra,
El Haragán y Compañía,
El Poder Del Norte,MX
El Potro De Sinaloa,MX
El Tigrillo Palma,MX
El Tri,MX
El Trono de Mexico,MX
Eladio Carrion,PR
Elastica,GB
Elefante,MX
Elena Siegman,
Elevation Worship,US
Eli Young Band,US
Elizabeth Cotten,US
Elizabeth Mitchell,US
Ella Fitzgerald,US
Ella Langley,
Ella Mai,GB
Elle King,US
Elley Duhé,US
Ellie Goulding,GB
Elliott Smith,US
Elliott Yamin,US
Elton John,GB
Elvis Costello,GB
Elvis Crespo,PR
Elvis Presley,US
Emile Mosseri,
Eminem,US
Emmanuel,MX
Empire of the Sun,AU
En Vogue,US
Enigma,DE
Ennio Morricone,IT
Enrique Iglesias,ES
Enur,DK
Enya,IE
Erasure,GB
Eric B. & Rakim,US
Eric Bellinger,US
Eric Benét,US
Eric Carmen,US
Eric Church,US
Eric Clapton,GB
Eric Hutchinson,US
Eric Johnson,US
Eric Paslay,US
Eric Prydz,SE
Erick Sermon,US
Erik Eriksson,
Ernest Tubb,US
Eros Ramazzotti,IT
Erykah Badu,US
Escape the Fate,US
Eslabon Armado,US
Espinoza Paz,MX
Estelle,GB
Etta James,US
Europe,SE
Evanescence,US
Eve,JP
Eve 6,US
Everclear,US
Everlast,US
Every Avenue,US
Exile,JP
Exposé,US
Extreme,US
Eyedress,PH
Ezequiel Peña,US
F.L.Y. (Fast Life Yungstaz),
FIFTY FIFTY,KR
FLAME,US
Fabolous,US
Face To Face,US
Faith Evans,US
Faith Hill,US
Faith No More,US
Fall Out Boy,US
Falling In Reverse,US
Fanny Lu,CO
Fantasia,US
Far East Movement,US
Farruko,PR
Fastball,US
Faster Pussycat,US
Fat Joe,US
Fat Pat,US
Fatboy Slim,GB
Father John Misty,US
Faye Webster,
Feid,CO
Feist,CA
Felix Mendelssohn,DE
Fergie,US
Fetty Wap,US
Fey,MX
Field Mob,US
Fifth Harmony,US
Filter,
Finch,GB
Fine Young Cannibals,GB
Finger Eleven,CA
Fiona Apple,US
Firehouse,US
Fito Olivares y Su Grupo,
Fitz and The Tantrums,US
Five Finger Death Punch,US
Five For Fighting,US
Flans,MX
Flatland Cavalry,US
Fleet Foxes,US
Fleetwood Mac,GB
Flex,PA
Flight Facilities,AU
Flipp Dinero,US
Flo Rida,US
Flobots,US
Floetry,GB
Flogging Molly,US
Florence + The Machine,
Florida Georgia Line,US
Flume,AU
Flyana Boss,
Flyleaf,US
Fobia,MX
Fonseca,CO
Foo Fighters,US
Fools Garden,DE
Force M.D.'s,
Foreigner,US
Forest Blakk,CA
Fort Minor,US
Foster The People,US
Fountains Of Wayne,US
Four Tops,US
Foxy Brown,US
Framing Hanley,
Francis Lai,FR
Franco De Vita,VE
Frank Ocean,US
Frank Reyes,DO
Frank Sinatra,US
FrankJavCee,
Frankie Ballard,US
Frankie Cosmos,US
Frankie J,US
Frankie Lymon,US
Frankie Ruiz,US
Frankie Valli,US
Frankie Valli & The Four Seasons,
Franz Ferdinand,GB
Franz Liszt,HU
Fred Hammond,US
Freddie Dredd,CA
Freddie Jackson,US
Frederick Delius,GB
French Montana,US
Frou Frou,GB
Fruit Bats,US
Frédéric Chopin,
Fuego,US
Fuel,US
Fuerza Regida,MX
Fugazi,US
Fugees,US
Fujii Kaze,
Fulanito,US
Funk Flex,
Future,US
G Herbo,US
G-Eazy,US
G-Unit,US
GAYLE,US
GROUPLOVE,US
GZA,US
Gabby Barrett,US
Gala,IT
Galantis,SE
Galy Galiano,CO
Gang Starr,US
Gangsta Pat,US
Garbage,US
Garth Brooks,US
Gary Allan,US
Gary Jules,US
Gary Moore,GB
Gavin DeGraw,US
Gene Ammons,US
Generationals,
Genesis,GB
Gente De Zona,CU
George Ezra,GB
George Frideric Handel,GB
George Harrison,GB
George Jones,US
George Michael,GB
George Strait,US
Gera MX,MX
Gerard McMann,
Germ,AU
Gesaffelstein,FR
Get Scared,US
Geto Boys,US
Ghost,SE
Ghost Town DJs,
Ghostemane,US
Gianluca Grignani,IT
Gigi D'Agostino,IT
Gigi Masin,IT
Gilberto Santa Rosa,PR
Gillian Welch,US
Gin Blossoms,US
Ginuwine,US
Gipsy Kings,FR
Girls' Generation,KR
Giveon,US
Glass Animals,GB
Glenn Close,US
Glenn Medeiros,US
GloRilla,US
Gloria Estefan,US
Gloria Gaynor,US
Gloria Trevi,MX
Gnarls Barkley,US
Go West,GB
Goapele,US
Gods Property,
Godsmack,US
Gojira,FR
GoldLink,US
Golden Earring,NL
Goldfinger,US
Good Charlotte,US
Goodie Mob,US
Gorilla Zoe,US
Gorillaz,
Goth Babe,
Gotye,AU
Grace Phipps,US
Grace Potter,US
Gracie Abrams,US
Grand Funk Railroad,US
Grand Puba,US
Granular,
Grateful Dead,US
Great White,US
Green Day,US
Gregory Abbott,US
Gregory Alan Isakov,
Greta Van Fleet,US
Gretchen Wilson,US
Griffinilla,
Grimes,CA
Grits,US
Grizzly Bear,US
Groove Theory,US
Grouper,US
"Grover Washington, Jr.",US
Grupo Anhelo,
Grupo Bryndis,MX
Grupo Cañaveral De Humberto Pabón,
Grupo Codiciado,MX
Grupo Exterminador,MX
Grupo Firme,MX
Grupo Frontera,
Grupo Kual?,
Grupo Laberinto,
Grupo Libra,
Grupo Limite,MX
Grupo Maximo Grado,MX
Grupo Mojado,
Grupo Niche,CO
Grupo Pegasso,
Grupo Sonador,MX
Grupo Toppaz De Reynaldo Flores,MX
Grupo Vennus,
Guayacán Orquesta,CO
Gucci Mane,US
Guided By Voices,US
Gummibär,DE
Gunna,US
Guns N' Roses,US
Gustav Mahler,AT
Guti,
Guy,US
Gwen Stefani,US
Gym Class Heroes,US
Gyptian,JM
H-Town,US
H.E.R.,US
HAIM,US
HARDY,FR
HIXTAPE,US
Haddaway,DE
Hailee Steinfeld,US
Hal Ketchum,US
Halestorm,US
Haley Heynderickx,
Haley Reinhart,US
Halsey,US
Handsome Boy Modeling School,US
"Hank Williams, Jr.",US
Hannah Montana,US
Hans Zimmer,US
Hanson,US
Harbor & Home,
Harmless,
Harold Faltermeyer,DE
"Harry Connick, Jr.",US
Harry McClintock,
Harry Styles,
Harvey Danger,US
Hatebreed,US
Have A Nice Life,US
Hawthorne Heights,US
Heart,US
Heavy D & The Boyz,US
Hector & Tito,PR
Heidi Montag,US
Hellogoodbye,US
Helloween,DE
Helmet,US
Henson Cargill,US
Her's,US
Heroes Del Silencio,ES
Hezekiah Walker & The Love Fellowship Crusade Choir,
Hi-Five,US
High School Musical Cast,
Highly Suspect,US
Hilary Duff,US
Hillsong UNITED,AU
Hillsong Worship,AU
Hinder,US
Hippie Sabotage,US
Hoku,US
Hole,US
Hollow Coves,AU
Hollywood Undead,US
Hombres G,ES
Home,AT
Hoobastank,US
Hootie & The Blowfish,US
Hot Chelle Rae,US
Hotel Ugly,
Houndmouth,US
House Of Pain,US
Howard Jones,GB
Howard Shore,CA
Howie Day,US
Hozier,IE
Huey Lewis & The News,US
Hum,US
Hunter Hayes,US
"Héctor ""El Father""",PR
Hëctor Montemayor,
Hüsker Dü,US
I DONT KNOW HOW BUT THEY FOUND ME,US
I Monster,GB
I Prevail,US
ICE-T,US
ICEHOUSE,AU
ILOVEMAKONNEN,US
INTERWORLD,RU
INXS,AU
Ice Cube,US
Ice Spice,US
Icona Pop,SE
Idina Menzel,US
Iggy Azalea,US
Iggy Pop,US
Ikimonogakari,
Ilene Woods,US
Imagine Dragons,US
Immortal Technique,US
Imogen Heap,GB
In Flames,SE
In This Moment,US
Incubus,US
India.Arie,US
Indigo Girls,US
Indila,FR
Industria del Amor,
Information Society,US
Ingrid Andress,US
Ingrid Michaelson,US
Ini Kamoze,JM
Inner Circle,JM
Inner City,US
Insane Clown Posse,US
"Insane Clown Posse, Twiztid",
Inspector,MX
Internet Money,US
Interpol,US
Intocable,US
Iration,US
Irene Cara,US
Iron & Wine,US
Iron Maiden,GB
Isabel LaRosa,US
Isabel Pantoja,ES
Isaiah Rashad,US
Ismael Rivera,PR
Israel Kamakawiwo'ole,
Israel Vibration,JM
Ivan Cornejo,
Ivy Queen,PR
Iyaz,VG
J Balvin,CO
J Dilla,US
J-Kwon,US
J. Cole,US
J. Holiday,US
J.J. Fad,US
JACKBOYS,US
JAY-Z,US
JID,US
JJ Grey & Mofro,US
JP Saxe,CA
JT Music,US
JUVENILE,US
JVKE,US
Ja Rule,
Jaah SLT,
Jack Harlow,US
Jack Johnson,
Jack Stauber,
Jack Stauber's Micropop,
Jack Ü,US
Jackie Cusic,
Jackson Browne,US
Jackyl,US
Jacquees,
Jade,US
Jagged Edge,US
Jaguares,MX
Jaheim,US
Jain,FR
Jake Owen,US
James,DE
James Arthur,GB
James Bay,GB
James Blunt,GB
James Brown,US
James Ingram,US
James Otto,US
James Taylor,US
Jamey Johnson,US
Jamie Foxx,US
Jamiroquai,GB
Jane Child,CA
Jane Color,
Jane's Addiction,US
Janet Jackson,US
Jarabe De Palo,ES
Jason Aldean,US
Jason Derulo,US
Jason Mraz,US
Jason Weaver,US
Jawga Boyz,US
Jay Chou,
Jay Rock,US
Jay Sean,GB
Jay Wheeler,PR
Jaymes Young,US
Jaziel Avilez,
Jazmine Sullivan,US
Jean Sibelius,FI
Jeezy,US
Jeff Buckley,US
Jelly Roll,US
Jemaine Clement,NZ
Jenifer Lewis,US
Jenni Rivera,
Jennifer Lopez,US
Jennifer Paige,US
Jeremih,US
Jeremy Irons,GB
Jeremy Soule,US
Jeremy Zucker,US
Jermaine Dupri,US
Jerrod Niemann,US
Jerry Reed,US
Jerry Rivera,PR
Jesse & Joy,
Jesse McCartney,US
Jesse Powell,US
Jessica Andrews,US
Jessica Darrow,US
Jessica Keenan Wynn,US
Jessie J,GB
Jesus Jones,GB
Jesús Adrián Romero,MX
Jet,AU
Jewel,US
Jhayco,PR
Jhené Aiko,US
Jill Scott,US
Jim Cummings,US
Jimi Hendrix,US
Jimin,KR
Jimmy Cliff,JM
Jimmy Eat World,US
Jimmy Ruffin,US
Jo Dee Messina,US
JoJo,US
Joan Jett & the Blackhearts,US
Joan Osborne,US
Joan Sebastian,MX
Jodeci,US
Jodi Benson,US
Jody Watley,US
Joe,GB
Joe Cocker,GB
Joe Diffie,US
Joe Hisaishi,
Joe Nichols,US
Joe Satriani,US
Joey Bada$$,US
Johann Pachelbel,DE
Johannes Brahms,DE
John Anderson,US
John Conlee,US
John Denver,US
John Farnham,AU
John Fogerty,US
John Hiatt,US
John Legend,US
John Mayer,US
John Mellencamp,US
John Michael Montgomery,US
John Morgan,CA
John Newman,
John Powell,US
John Prine,US
John Rzeznik,US
John Vincent III,
John Williams,US
Johnny Cash,US
Johnny Gill,US
Johnny Hates Jazz,GB
Johnny Horton,US
Joji,US
Jon B.,US
Jon Bellion,US
Jon Bon Jovi,US
Jon Lajoie,CA
Jon McLaughlin,US
Jon Pardi,US
Jon Secada,US
Jonas Brothers,US
Jonathan Groff,US
Jonny Lang,US
Jordan Davis,US
Jordin Sparks,US
Jordy Searcy,
Joseph Williams,US
Josh Abbott Band,US
Josh Gad,US
Josh Gracin,US
Josh Groban,US
Josh Meloy,
Josh Ross,CA
Josh Turner,US
José Alfredo Jimenez,MX
José Feliciano,US
José González,SE
José José,MX
Journey,US
Joy Again,US
Joyce Manor,US
Joyner Lucas,US
Juan Gabriel,MX
Juan Luis Guerra 4.40,DO
Juan Luis Guerra y 440,
Juanes,CO
Jubël,SE
Judas Priest,GB
Judy Kuhn,US
Juice Newton,US
Juice WRLD,US
Juicy J,US
Jukebox The Ghost,
Julia Michaels,US
Julie Andrews,GB
Julie Fowlis,
Julieta Venegas,MX
Julio Jaramillo,EC
Julión Álvarez y su Norteño Banda,MX
Jung Kook,KR
Junior H,MX
Junior M.A.F.I.A.,US
Junior Senior,DK
Jurassic 5,US
Justice,FR
Justin Bieber,CA
Justin Hurwitz,US
Justin Moore,US
Justin Timberlake,US
Justine Skye,
K CAMP,US
K'NAAN,CA
K-Ci & JoJo,US
K-Paz De La Sierra,MX
K.Flay,US
KALEO,IS
KAROL G,CO
KAYTRANADA,CA
KB,US
KC & The Sunshine Band,US
KIDS SEE GHOSTS,US
KISS,US
KONGOS,
KRS-One,US
KT Tunstall,GB
KYLE,US
Kaash Paige,US
Kabah,MX
Kacey Musgraves,US
Kali Uchis,US
Kaliii,US
Kane Brown,US
Kanii,US
Kansas,US
Kanye West,
Kaoma,FR
Kaoru Akimoto,
Kardinal Offishall,CA
Karrr,
Karyn White,US
Kate Bush,
Kathy Mattea,US
Katy Perry,US
Kavinsky,FR
Kay Flock,US
Kay Kyser & His Orchestra,US
Keane,GB
Kehlani,US
Keith Anderson,US
Keith David,US
Keith Sweat,
Keith Urban,AU
Keith Whitley,US
Kelis,US
Kelly Clarkson,US
Kelly Rowland,US
Kelsea Ballerini,US
Kem,US
Ken Carson,US
Kendrick Lamar,US
Kenny Chesney,US
Kenny G,US
Kenny Loggins,US
Kenny Wayne Shepherd,US
Kenshi Yonezu,
Kenteph,
Keri Hilson,US
Kesha,US
Kevin Gates,US
Kevin Lyttle,VC
Kevin Rudolf,US
Key Glock,US
Keyshia Cole,US
Khalid,US
Khruangbin,
Kid Cudi,US
Kid Frost,
Kid Ink,US
Kid Rock,US
Kiko Rodriguez,DO
Kikuo,
Killswitch Engage,US
Kim Wilde,GB
Kina,IT
King Geedorah,US
King Von,US
Kings of Leon,US
Kip Moore,US
Kirko Bangz,US
Kittie,CA
Kitty Kallen,US
Kix,US
Klaus Badelt,US
Kodak Black,US
Kodaline,IE
Koe Wetzel,US
Koffee Brown,US
Kolohe Kai,US
Kolton Moore & the Clever Few,
Kool & The Gang,US
Kordhell,
Korn,US
Kris Kross,US
Kristen Bell,US
Kungs,FR
Kurupt,US
Kut Klose,US
Kxllswxtch,
Kygo,NO
Kylie Minogue,AU
Kylie Morgan,US
L.A. Guns,US
L7,US
LA INDIA,CO
LANCO,US
LCD Soundsystem,US
LDNE,
LECADE,
LEN,CA
LFO,GB
LISA,JP
LL COOL J,US
LMFAO,US
LSD and the Search for God,US
LSG,DE
LUCKI,US
La Adictiva,
La Arrolladora Banda El Limón De Rene Camacho,
La Bouche,DE
La Factoria,PA
La Ley,CL
La Luz Roja De San Marcos,
La Mafia,US
La Maquinaria Norteña,
La Mosca Tse-Tse,AR
La Oreja de Van Gogh,ES
La Original Banda El Limón de Salvador Lizárraga,
La Quinta Estacion,ES
La Roux,GB
La Tropa Vallenata,
La Unión,ES
Labrinth,GB
Ladron,MX
Lady A,US
Lady Gaga,US
Lainey Wilson,US
Lake Street Dive,US
Lalo Mora,MX
Lalo Rodriguez,PR
Lamb of God,US
Lamp,JP
Lana Del Rey,US
Larry Groce,US
Latto,US
Laufey,IS
Laura Branigan,US
Laura Leon,MX
Laura Pausini,IT
Lauren Daigle,US
Lauv,US
Le Tigre,US
LeAnn Rimes,US
Lea Salonga,PH
League of Legends,
Lee Ann Womack,US
Lee Brice,US
Lee Greenwood,US
LeeHi,
Leftover Salmon,US
Lemon Demon,US
Lenin Ramírez,MX
Lenny Kravitz,US
Leo Dan,AR
Leon Bridges,US
Leona Lewis,GB
Leslie Odom Jr.,US
Leslie Parrish,IT
Less Than Jake,US
Level 42,GB
Levert,US
Lewis Capaldi,GB
LiSA,JP
Liana Flores,GB
Liberación,MX
Libianca,US
Lifehouse,US
Lighter Shade Of Brown,US
Lijay,US
Lil Baby,US
Lil Durk,US
Lil Eazzyy,
Lil Jon,US
Lil Jon & The East Side Boyz,
Lil Loaded,US
Lil Mabu,
Lil Mama,US
Lil Mosey,US
Lil Nas X,US
Lil Peep,US
Lil Rob,US
Lil Skies,US
Lil Tecca,US
Lil Tjay,US
Lil Uzi Vert,US
Lil Wayne,US
Lil Wyte,
Lil Yachty,US
Lil' Flip,US
Lil' Keke,US
Lil' Kim,US
Lil' Mo,US
Lil' Troy,US
Lilly Goodman,DO
Lilly Wood and The Prick,FR
Lily Allen,GB
Limp Bizkit,US
Lin-Manuel Miranda,US
Linda Ronstadt,US
Lindsay Lohan,US
Linkin Park,US
Lionel Richie,US
Lipps Inc.,US
Lisa Lisa & Cult Jam,US
Lisa Loeb,US
Lisa Stansfield,GB
Lit,US
Lita Ford,US
Little Big Town,US
Little Mix,
Little Texas,US
Live,US
Living Colour,US
Liz Phair,US
Lizzo,US
Lizzy McAlpine,
Lloyd,GB
Lloyd Banks,
Local H,US
Logic,US
Lonely God,ES
Lonestar,US
Loose Ends,GB
Lord Finesse,US
Lord Huron,US
Lorde,NZ
Lorenzo Antonio,US
Lorrie Morgan,US
Los Abuelos De La Nada,AR
Los Acosta,MX
Los Alegres Del Barranco,
Los Alegres de la Sierra,
Los Amos De Nuevo Leon,MX
Los Angeles De Charly,
Los Angeles Negros,CL
Los Apson,MX
Los Askis,MX
Los Auténticos Decadentes,AR
Los Bondadosos,
Los Brios,AR
Los Buitres De Culiacan Sinaloa,
Los Bukis,MX
Los Cachorros de Juan Villarreal,US
Los Cadetes De Linares,MX
Los Caminantes,MX
Los Dareyes De La Sierra,
Los Del Rio,ES
Los Dinnosaurios,
Los Elegantes de Jerez,
Los Enanitos Verdes,AR
Los Fabulosos Cadillacs,AR
Los Farmerz,
Los Felinos,MX
Los Freddy's,MX
Los Fugitivos,
Los Gemelos De Sinaloa,
Los Hermanos Rosario,DO
Los Hijos Del Pueblo,
Los Incomparables De Tijuana,
Los Inquietos Del Norte,
Los Invasores De Nuevo León,
Los Lobos,US
Los Lonely Boys,US
Los Mier,MX
Los Morros Del Norte,
Los Originales De San Juan,
Los Primos MX,
Los Prisioneros,CL
Los Razos,MX
Los Rehenes,
Los Rieleros Del Norte,MX
Los Rodarte,
Los Socios Del Ritmo,
Los Telez,
Los Temerarios,MX
Los Tigres Del Norte,US
Los Tigrillos,
Los Titanes De Durango,
Los Toros Band,DO
Los Traileros Del Norte,MX
Los Tucanes De Tijuana,
Los Yaguarú,MX
Los Yonic's,MX
Los terribles Del Norte,MX
Los Ángeles Azules,MX
Lost Boyz,US
Lost Frequencies,BE
Lou Bega,DE
Lou Gramm,US
Loud Luxury,CA
Louis Armstrong,US
Love and Rockets,GB
Love and Theft,US
Loverboy,CA
Luci4,US
Lucinda Williams,US
Lucy Pearl,US
Ludacris,US
Ludovico Einaudi,IT
Ludwig van Beethoven,DE
Luis Enrique,NI
Luis Fonsi,PR
Luis Miguel,MX
Luis R Conriquez,
Luis y Julian,MX
Luisito Ayala Y La Puerto Rican Power,
Lukas Graham,DK
Luke Bryan,US
Luke Combs,US
Lumidee,US
Lunarrr,
Luniz,US
Luny Tunes,DO
Lupe Fiasco,US
Lush,GB
Lustra,US
Luther Vandross,US
Lyfe Jennings,US
Lykke Li,SE
Lyle Lovett,US
Lyrical Lemonade,
Léo Delibes,FR
M.I.A.,
M.O.P.,US
M83,FR
MAGIC!,JP
MARINA,
MAVI,
MAX,DE
MAXIMUM THE HORMONE,
MC Breed,US
MC Hammer,US
MC Magic,
MF DOOM,US
MGMT,US
MIKA,GB
MKTO,US
MUPP,
Mac DeMarco,CA
Mac Miller,US
Mach & Daddy,PA
Machine Gun Kelly,
Mack 10,US
Macklemore,US
Macklemore & Ryan Lewis,US
Macy Gray,US
Mad Season,US
Madcon,NO
Maddie & Tae,US
Madonna,US
Madvillain,US
Maejor,US
Maelo Ruiz,PR
Maggie Rogers,US
Maino,US
Major Lazer,JM
Makaveli,US
Mala Fe,
Maldita Vecindad Y Los Hijos Del 5to. Patio,
Maluma,CO
Manchester Orchestra,US
Mandingo,GB
Mandy Moore,US
Manu Chao,FR
Manuel Turizo,CO
Maná,MX
Marc Anthony,US
Marc Cohn,US
Marcela Gandara,MX
Marco Antonio Solís,MX
Marconi Union,GB
Marcy Playground,US
Maren Morris,US
Mareux,
Maria Conchita Alonso,US
Mariah Carey,US
Mariah the Scientist,US
Mariano Barba,
Marilyn Manson,US
Mario,US
Mario Winans,US
Marisela,
Mariya Takeuchi,
Mark Chesnutt,US
Mark Keali'i Ho'omalu,
Mark Morrison,GB
Mark Ronson,GB
Mark Wills,US
Marky Mark And The Funky Bunch,US
Maroon 5,US
Marshmello,US
Martika,US
Martin Garrix,NL
Martina McBride,US
Marty Stuart,US
Marvin Sapp,US
Mary Chapin Carpenter,US
Mary J. Blige,US
Mary Jane Girls,US
Mary Mary,US
Mase,
Masego,US
Masked Wolf,AU
Massive Attack,GB
Master P,US
Mastodon,US
Matchbox Twenty,US
Matisyahu,US
Matt Maeson,US
Matt Maher,US
Matt Maltese,GB
Matt Mason,US
Matt Nathanson,
Matt Redman,GB
Matt Sassari,FR
Matt and Kim,US
Matthew Sweet,US
Maurette Brown Clark,
Maurice Ravel,FR
Maurice Williams & The Zodiacs,US
Max Coveri,IT
Maxi Priest,GB
Maxwell,US
Mayday Parade,US
Maze,
Mazzy Star,US
McCafferty,
Meat Loaf,US
Meat Puppets,
Mecano,ES
Meek Mill,US
Megadeth,US
Megan Moroney,US
Megan Thee Stallion,US
Meghan Trainor,US
Mel Carter,US
Mel McDaniel,US
Melanie Martinez,US
Meli'sa Morgan,US
Men At Work,AU
Men I Trust,CA
Men Without Hats,CA
MercyMe,US
Meredith Brooks,US
Merle Haggard,US
Merle Haggard & The Strangers,
Meryl Streep,US
Metallica,US
Method Man,US
Metric,CA
Metro Boomin,US
Metro Station,US
Metronomy,GB
Mi Banda El Mexicano,MX
MiMS,US
Michael Bolton,US
Michael Bublé,CA
Michael Franti & Spearhead,US
Michael Giacchino,US
Michael Jackson,US
Michael McDonald,US
Michael Peterson,US
Michel'le,US
Michelle Branch,US
Mickey & Sylvia,US
Midland,US
Midnight Oil,AU
Midnight Star,US
Migos,US
Miguel,ES
Miguel Gallardo,ES
Miguel Mateos - Zas,
Miguel Y Miguel,
Miike Snow,SE
Mijares,MX
Mike + The Mechanics,GB
Mike Jones,US
Mike Posner,US
Mike WiLL Made-It,US
Mikel Erentxun,ES
Miki Matsubara,
Mila J,US
Mild High Club,
Miley Cyrus,US
Milky Chance,DE
Millencolin,SE
Milli Hughes,
Milli Vanilli,DE
Mindless Self Indulgence,US
Mindy McCready,US
Miniature Tigers,US
Ministry,US
Mint Condition,US
Miracle Musical,
Miranda Lambert,US
Misfits,US
Missy Elliott,US
Mitski,US
MoKenStef,US
Mobb Deep,
Moby,US
Modern Baseball,US
Modern English,GB
Modern Talking,DE
Modest Mouse,
Modjo,FR
Mojave 3,GB
Molotov,MX
Monchy & Alexandra,DO
Money Man,US
Moneybagg Yo,US
Monica,US
Monifah,US
Monster Magnet,US
Montell Fish,US
Montell Jordan,US
Montez de Durango,
Montgomery Gentry,US
Morcheeba,GB
Morgan Wallen,US
Morrissey,GB
Mos Def,
Mother Goose Club,
Mother Mother,CA
Motion City Soundtrack,US
Motionless In White,US
Mr. Big,US
Mr. President,DE
Mr. Probz,NL
Mr.Kitty,
Ms. Lauryn Hill,
Mt. Joy,US
Mudhoney,US
Mudvayne,US
Mumford & Sons,GB
Murphy Lee,US
Muscadine Bloodline,
Muse,GB
Mushroomhead,US
Musical Youth,GB
Musiq Soulchild,US
Mustard,US
My Chemical Romance,US
My Darkest Days,CA
My Morning Jacket,US
Myke Towers,PR
Mykola Dmytrovych Leontovych,
Myriam Hernandez,CL
Mystikal,US
Mägo de Oz,ES
Måneskin,IT
Mötley Crüe,US
Mýa,US
Mœnia,MX
N.O.R.E.,US
N.W.A.,US
N2DEEP,US
NAV,CA
NB Ridaz,US
NBSPLV,RU
NEIKED,SE
NF,US
NLE Choppa,US
NOFX,US
Nacha Pop,ES
Nada Surf,US
Najee,US
Nancy Sinatra,US
Naomi Scott,GB
Nappy Roots,US
Nardo Wick,US
Nas,US
Nat King Cole,US
Natalia Lafourcade,MX
Natalie Cole,US
Natalie Imbruglia,AU
Natalie La Rose,NL
Natalie Merchant,US
Natanael Cano,
Natasha Bedingfield,GB
Nate Smith,US
Nathan Lane,US
Nature Of Sweden,
Naughty Boy,GB
Naughty By Nature,US
Ne-Yo,US
Neal McCoy,US
Nebu Kiniza,US
Neil Sedaka,US
Nek,IT
Nelly,US
Nelly Furtado,CA
Nelson,US
Neneh Cherry,SE
Neon Trees,US
Neutral Milk Hotel,US
New Edition,US
New Found Glory,US
New Kids On The Block,US
New Medicine,
New Order,GB
New Radicals,US
New West,CA
NewJeans,KR
Newsboys,AU
Next,US
Niall Horan,IE
Nice & Smooth,US
Nice & Wild,
Nick Cave & The Bad Seeds,AU
Nick Jonas,US
Nickelback,CA
Nicki Minaj,US
Nicky Youre,US
Nico & Vinz,NO
Night Lovell,
Night Ranger,US
Nightcrawlers,GB
Nightmares On Wax,GB
Niko Moon,US
Nina Sky,US
Nine Days,US
Nine Inch Nails,US
Nio Garcia,PR
Nirvana,US
Nitty Gritty Dirt Band,US
Nivea,US
No Doubt,US
No Mercy,US
Noah Cyrus,US
Noah Kahan,US
Noelia,PR
Norah Jones,US
Norman Brown,US
Novo Amor,GB
Nu Shooz,US
Nujabes,JP
O-Zone,MD
O.A.R.,
ODESZA,US
OK Go,US
OMC,NZ
OMI,JM
Oasis,GB
Obie Bermudez,PR
Ocean Waves For Sleep,
Odd Future,US
Odetari,
Of Mice & Men,US
Of Monsters and Men,IS
Offset,US
Ofra Haza,
Ol' Dirty Bastard,US
Old Crow Medicine Show,US
Old Dominion,US
Old Town School of Folk Music,
Oleta Adams,US
Oliver Anthony Music,
Olivia Newton-John,AU
Olivia Rodrigo,US
Olly Murs,GB
Omar Apollo,US
Omarion,US
Onda Vaselina,MX
One Direction,
One Way,US
OneRepublic,US
Only The Family,
Onyx,US
Operation Ivy,US
Opetaia Foa'i,NZ
Oran Juice Jones,US
Orgy,US
Orion Sun,
Orleans,US
Oscar D'León,VE
Oscar Maydon,MX
Otis Redding,US
Ottorino Respighi,IT
Outkast,US
Owl City,US
Ozuna,PR
Ozzy Osbourne,GB
P!nk,US
P.O.D.,US
PARTYNEXTDOOR,CA
PAW Patrol,
PJ Harvey,
PLVTINUM,
PSY,KR
Palabra en Acción,GT
Palace,
Pale Saints,GB
Paloma Faith,GB
Palomo,
Pam Tillis,US
Panchiko,GB
Pancho Barraza,MX
Pandora,SE
Panic! At The Disco,US
Panjabi MC,GB
Panteon Rococo,MX
Pantera,
Papa Roach,US
Paperboy Fabe,
Paramore,US
Paris Hilton,US
Parker McCollum,US
Parkway Drive,AU
Parmalee,US
Parry Gripp,US
Passenger,GB
Passion Pit,US
Pastel Ghost,US
Pat Benatar,US
Pat Carroll,US
Pat Green,US
Pat Metheny Group,US
Patrick Swayze,US
Patrick Watson,CA
Patrulla 81,MX
Patti LaBelle,US
Patty Loveless,US
Patty Smyth,US
Paul Anka,CA
Paul McCartney,GB
Paul Simon,US
Paul Wall,US
Paul Young,GB
Paula Abdul,US
Paula Cole,US
Paulina Rubio,MX
Pavement,US
Peachy!,
Pearl Jam,US
Pedro Infante,MX
Peggy Gou,
Penelope Scott,US
Pennywise,US
People Under The Stairs,US
Pepe Aguilar,US
Pepper,US
Percy Faith & His Orchestra,US
Perry Como,US
Pesado,MX
Peso Pluma,MX
Pet Shop Boys,GB
Pete Rock & C.L. Smooth,US
Peter Bjorn and John,SE
Peter Cetera,US
Peter Gabriel,GB
Peter Murphy,GB
Peter Schilling,DE
Peter Sculthorpe,AU
Peter Tosh,JM
Petey Pablo,US
Petula Clark,GB
Phantogram,US
Phantom Planet,US
Pharoahe Monch,US
Pharrell Williams,US
Phil Collins,GB
Phil Harris,US
Phil Vassar,US
Phil Wickham,US
Phillip Phillips,US
Phillipa Soo,US
Phish,US
Phoebe Bridgers,US
Phoenix,GB
Pierce The Veil,US
Piero Piccioni,IT
Pillar,US
Pinegrove,US
Pink Floyd,
PinkPantheress,
Pinkfong,KR
Pistol Annies,US
Pitbull,US
Pixies,US
Placebo,
Plain White T's,US
Plan B,GB
Playaz Circle,US
Playboi Carti,US
Player,US
Plies,US
PnB Rock,US
Poison,US
Pokémon,
Polo G,US
Pooh Shiesty,US
Poor Man's Poison,US
Pop Evil,US
Pop Smoke,US
Portishead,GB
Portugal. The Man,US
Post Malone,US
Powerman 5000,US
Powfu,CA
Pras,US
Pretenders,GB
Pretty Poison,US
Pretty Ricky,
Primal Scream,GB
Primitive Radio Gods,US
Primus,US
Prince,US
Prince Royce,US
Project Pat,US
Prong,US
Proyecto Uno,US
Public Enemy,US
Public Image Ltd.,GB
Puddle Of Mudd,US
Pulp,GB
Pure Prairie League,US
Q Lazzarus,US
Q-Tip,US
Quad City DJ's,US
Quality Control,
Quavo,US
Queen,GB
Queens of the Stone Age,US
Queensrÿche,US
Quevedo,
Quiet Riot,US
Quincy Jones,US
R. City,VI
R. Kelly,US
R.E.M.,US
RAYE,GB
RBD,MX
REO Speedwagon,US
RJD2,US
RJMrLA,
ROSALÍA,ES
Ra,US
Rachel Platten,US
Radical Face,US
Radiohead,GB
Radney Foster,US
Rae Sremmurd,US
Raekwon,US
Raffi,CA
Rag'n'Bone Man,
Rage Against The Machine,US
Rainbow Kitten Surprise,
Rakim,US
Ralph Fiennes,
Ralph Tresvant,US
Ram Jam,US
Ramirez,IT
Rammstein,DE
Ramon Ayala Y Sus Bravos Del Norte,
Ramones,US
Rancid,
Randy Houser,US
Randy Newman,US
Randy Rogers Band,US
Randy Travis,US
Rappin' 4-Tay,US
Rascal Flatts,US
Ratt,US
Raulin Rodriguez,DO
Rauw Alejandro,PR
Ray J,US
Ray LaMontagne,US
Rayito Colombiano,MX
Ready For The World,US
Real McCoy,DE
Reba McEntire,US
Rebelution,US
Rebzyyx,
Red,US
Red Hot Chili Peppers,US
Redman,US
Rednex,SE
Reel 2 Real,US
Reel Big Fish,US
Refused,SE
Regard,
Regina Spektor,US
Rehab,US
Reik,MX
Relient K,US
Rema,NG
Remy Ma,US
Renée Elise Goldsberry,US
Restless Heart,US
Rev Theory,US
Rev. James Moore,US
Rex Orange County,
Rey Ruiz,CU
Reyli Barba,MX
Rhett Akins,US
Ricardo Arjona,GT
Ricardo Montaner,VE
Rich Boy,US
Rich Gang,US
Rich Homie Quan,US
Rich Mullins,US
Rich The Kid,US
Richard Marx,US
Richard Thompson,GB
Richard White,US
Richy Mitch & The Coal Miners,
Rick Astley,GB
Rick Owens,US
Rick Ross,
Rick Schulman,
Rick Springfield,AU
Ricky Martin,PR
Ricky Montgomery,
Ricochet,US
Right Said Fred,GB
Rigo Tovar,MX
Rihanna,US
Riley Green,US
Riovaz,US
Rise Against,US
Ritt Momney,
Rixton,
Roar,US
Rob $tone,US
Rob Baird,
Rob Base & DJ EZ Rock,
Rob Thomas,US
Rob Zombie,US
Robbie Robertson,CA
Robbie Williams,GB
Robby Benson,US
Robert Earl Keen,US
Robert John,US
Robert Miles,IT
Robert Palmer,GB
Robert Schumann,DE
Robert Tepper,US
Roberta Flack,US
Roberto Carlos,BR
Roberto Torres,
Robin S,US
Robin Schulz,DE
Robin Thicke,US
Robyn,SE
Rockell,US
Rocío Dúrcal,ES
Rod Stewart,GB
Rod Wave,US
Roddy Ricch,US
Rodney Atkins,US
Roger,GB
Roger Bart,US
Roger Miller,US
Rogue Wave,US
Rome,LU
Romeo Santos,US
Ron Pope,US
Ronan Keating,IE
Ronnie Milsap,US
Rosa Linn,AM
Rosa Walton,
Rosanne Cash,US
Rosie O'Donnell,US
Ross Lynch,US
Roxette,SE
Roxxstarxx Archive,
Roy Jones Jr.,US
Roy Orbison,US
Roy Woods,CA
Rubén Blades,PA
Ruff Endz,US
Run–D.M.C.,US
Rush,CA
Russ,US
Russell Dickerson,US
Rusted Root,US
Ruth B.,CA
Ryan Adams,US
Ryan Bingham,US
Ryan Castro,CO
Ryan Gosling,CA
Ryan Mack,IE
Ryan McCartan,US
RÜFÜS DU SOL,AU
S3BZS,
SAINt JHN,GY
SALES,US
SEATBELTS,GB
SHINee,KR
SHOP BOYZ,US
SLANDER,US
SNAP!,DE
SR-71,US
STARSET,US
STEELHEART,US
STRFKR,US
SWV,US
SYML,US
SZA,US
Sabrina Carpenter,US
SadBoyProlific,US
Sade,GB
Sage The Gemini,US
Saint Motel,US
Saliva,US
Salt-N-Pepa,US
Sam Barber,
Sam Cooke,US
Sam Fischer,
Sam Hunt,US
Sam Smith,GB
Sam Tinnesz,
Sammy Adams,US
Sammy Davis Jr.,US
Sammy Kershaw,US
Samuel E. Wright,US
Samuel Hernández,PR
Samuray,
Sananda Maitreya,US
Santana,US
Santigold,US
Sara Bareilles,US
Sara Evans,US
Sarah Brightman,GB
Sarah McLachlan,CA
Sasha Alex Sloan,US
Savage,IT
Savage Garden,AU
Saving Abel,US
Saweetie,US
Sawyer Brown,US
Say Anything,US
ScHoolboy Q,
Scarface,US
Scatman John,US
Scissor Sisters,US
Scorpions,DE
Scotty McCreery,US
Screaming Trees,US
Seafret,GB
Seal,GB
Sean Kingston,JM
Sean Paul,JM
Secondhand Serenade,US
Seether,US
Selena,US
Selena Gomez,US
Selena Gomez & The Scene,US
Semisonic,US
Senses Fail,US
September,SE
Sepultura,BR
Sergio Mendes & Brasil '66,BR
"Sergio Vega ""El Shaka""",MX
Set It Off,US
Seven Mary Three,US
Sevendust,US
Sevyn Streeter,US
Sexyy Red,US
Shadrow,
Shaggy,JM
Shai,US
Shakey Graves,
Shakira,CO
Shaman's Harvest,US
Shane Smith & the Saints,US
Shania Twain,CA
Shanice,US
Sharon Jones & The Dap-Kings,US
Sharpay Evans,
Shawn Colvin,US
Shawn Mendes,CA
Shaylen,US
She Wants Revenge,US
Sheck Wes,US
Sheff G,
Shenandoah,US
Sheppard,AU
Sheryl Crow,US
Shinedown,US
Shirley Murdock,US
Shontelle,BB
Shoreline Mafia,US
Shwayze,US
Shy Glizzy,US
Shyne,US
Sia,AU
Sick Puppies,AU
Sidewalks and Skeletons,GB
Siinamota,
Silk,US
Silverchair,AU
Silverstein,CA
Silversun Pickups,US
Simple Plan,CA
Simply Red,GB
Sin Bandera,MX
Sinéad O'Connor,IE
Siouxsie and the Banshees,GB
Sir Chloe,
Sir Mix-A-Lot,US
Sisqo,US
Sister Hazel,US
Sisters of Mercy,GB
Sixpence None The Richer,US
Skee-Lo,
Skeeter Davis,US
Ski Mask The Slump God,US
Skid Row,US
Skillet,US
Skrillex,US
Sky Rompiendo,CO
Slaughter,US
Slayer,US
Sleep Miracle,
Sleeping At Last,US
Sleeping With Sirens,US
Sleepy Hallow,US
Slick Rick,
Slightly Stoopid,US
Slim Thug,US
Slipknot,US
Slovak Philharmonic,
Slowdive,GB
Slum Village,US
Sly & The Family Stone,US
Smash Mouth,US
Smokey Robinson,US
Smokey Robinson & The Miracles,
Snakehips,
Sneaker Pimps,GB
Sniff 'n' The Tears,GB
Snoop Dogg,US
Snot,US
Snow Patrol,GB
Soap&Skin,AT
Social Distortion,US
Social House,US
Soda Stereo,AR
Sohodolls,GB
Son By Four,PR
Sonder,
Sonic Youth,US
Sonido Mazter,
Sonique,GB
Sonny & Cher,US
Sophie B. Hawkins,US
Soul Asylum,US
Soul For Real,US
Soul II Soul,GB
Soulfly,US
Soulja Boy,US
Souls Of Mischief,US
Soundgarden,US
South Park Mexican,
Southall,
Spacehog,GB
Spandau Ballet,GB
Sparky Deathcap,
Speaker Knockerz,
Special Ed,US
Spice Girls,GB
Spiderbait,AU
Spin Doctors,US
Sponge,US
Spoon,US
St. Paul & The Broken Bones,US
Stacey Q,US
Staind,US
Stan Getz,US
Stardust,JP
Starflyer 59,US
Starship,US
Static-X,US
Stealers Wheel,GB
Steel Pulse,GB
Stephanie Beatriz,US
Stephen Sanchez,US
Stephen Schwartz,US
Stereo MC's,GB
Steve Earle,US
Steve Holy,US
Steve Lacy,US
Steve Winwood,GB
Steven Curtis Chapman,US
Steven Universe,US
Stevie Nicks,US
Stevie Ray Vaughan,US
Stevie Wonder,US
Stick Figure,US
Still Woozy,US
Sting,
Stone Sour,US
Stone Temple Pilots,US
Story Of The Year,US
Strawberry Guy,GB
Stray Kids,KR
Stromae,BE
Sturgill Simpson,US
Styles P,US
Sub Urban,
Sublime,US
Sufjan Stevens,US
Sugar Ray,US
Sugarcult,US
Sugarland,US
Suicidal Tendencies,US
Suki Waterhouse,GB
Sum 41,CA
Summer Walker,US
Sunny Day Real Estate,US
Sunshine Anderson,US
Super Lamas,
Supergrass,GB
Superheaven,US
Superstar Pride,
Surf Curse,US
Surface,JP
Surfaces,US
Susan Egan,US
Suzanne Vega,US
Swedish House Mafia,SE
Sweet Sensation,GB
Swing Out Sister,GB
Switchfoot,US
System Of A Down,US
Sérgio Mendes,BR
T'Pau,GB
T-Dre,
T-Pain,US
T.I.,US
THE ANXIETY,
THE SCOTTS,US
TK from Ling tosite sigure,
TLC,US
TOMORROW X TOGETHER,KR
TOOL,US
TOTO,US
TRUSTcompany,US
TV Girl,US
TV On The Radio,US
Tag Team,US
Tai Verdes,US
Tainy,PR
Taio Cruz,GB
Taj Mahal,US
Take That,GB
Takeoff,
Taking Back Sunday,US
Tal Bachman,CA
Talib Kweli,US
Talk Talk,GB
Talking Heads,US
Tally Hall,US
Tame Impala,AU
Tamia,CA
Tanner Usrey,
Tanto Metro & Devonte,JM
Tantric,US
Tanya Tucker,US
Taproot,US
Taron Egerton,GB
Tate McRae,CA
Tay-K,US
Taylor Dayne,US
Taylor Ray Holbrook,
Taylor Swift,US
Team Sleep,US
Tear Da Club Up Thugs,US
Tears For Fears,GB
Tech N9ne,US
Tech N9ne Collabos,
Technotronic,BE
Tee Grizzley,
Teena Marie,US
Tego Calderón,PR
Temple Of The Dog,US
Tems,NG
Tenacious D,US
Tenille Arts,CA
Tennessee Ernie Ford,US
Teodoro Reyes,DO
Teriyaki Boyz,JP
Terri Clark,CA
Terror Squad,US
Tesla,US
Testament,US
Tevin Campbell,US
Tevomxntana,
Teyana Taylor,US
That Handsome Devil,
That Mexican OT,US
The 1975,GB
The Alchemist,US
The All-American Rejects,US
The Archies,US
The Ataris,US
The Avett Brothers,US
The B-52's,
The Backseat Lovers,US
The Band,CA
The Band Of Heathens,US
The Band Perry,US
The Bangles,US
The Beach Boys,US
The Beatles,GB
The Black Crowes,US
The Black Keys,US
The Bobby Fuller Four,US
The Bravery,US
The Breeders,US
The Brobecks,US
The Bucketheads,US
The Cab,US
The Calling,US
The Cardigans,SE
The Chainsmokers,US
The Champs,US
The Charlie Daniels Band,US
The Chicks,US
The Chiffons,US
The Chords,GB
The Church,AU
The Cinematic Orchestra,GB
The Citizens of Halloween,
The Clean,NZ
The Click Five,US
The Clovers,US
The Coasters,US
The Communards,GB
The Corrs,IE
The Cranberries,IE
The Crew Cuts,
The Cry,GB
The Cult,GB
The Cure,GB
The D.O.C.,US
The Dandy Warhols,US
The Darkness,GB
The Dead Milkmen,US
The Deele,US
The Del-Vikings,US
The Devil Makes Three,US
The Diamonds,CA
The Diplomats,US
The Dixie Cups,US
The Doobie Brothers,US
The Dramatics,US
The Dresden Dolls,US
The Drifters,US
The Drums,US
The Elgins,US
The Everly Brothers,US
The Expendables,US
The Fabulous Thunderbirds,US
The Fall of Troy,US
The Five Stairsteps,
The Fixx,GB
The Flaming Lips,US
The Flys,
The Fratellis,GB
The Fray,US
The Front Bottoms,US
The Game,US
The Gap Band,US
The Georgia Satellites,US
The Ghost of Paul Revere,US
The Go-Go's,US
The Goo Goo Dolls,
The Gregg Allman Band,US
The Head And The Heart,US
The Heavy,GB
The Highwaymen,US
The Hives,SE
The Housemartins,GB
The Human League,GB
The Impressions,US
The Ink Spots,US
The Internet,US
The Irrepressibles,GB
The Jackson 5,
The Jayhawks,US
The Jesus and Mary Chain,GB
The Judds,US
The Kentucky Headhunters,US
The Kid LAROI,AU
The Killers,US
The Kingsmen,US
The Knife,SE
The Kooks,GB
The LOX,US
The La's,GB
The Laurie Berkner Band,
The Lemonheads,US
The Living Tombstone,IL
The Lumineers,US
The Mamas & The Papas,US
The Marshall Tucker Band,US
The Marías,
The McCoys,US
The Mighty Mighty Bosstones,US
The Moldy Peaches,US
The Moody Blues,GB
The Mountain Goats,US
The Movement,US
The Mowgli's,US
The Naked And Famous,NZ
The Neighbourhood,US
The Noisy Outdoors,
The Notorious B.I.G.,US
The O'Jays,US
The Oak Ridge Boys,US
The Offspring,US
The Oh Hellos,US
The Orion Experience,US
The Paper Kites,AU
The Penguins,US
The Pharcyde,US
The Platters,US
The Plot In You,US
The Postal Service,US
The Presidents Of The United States Of America,US
The Primitives,GB
The Proclaimers,
The Prodigy,GB
The Psychedelic Furs,GB
The Pussycat Dolls,US
The Raconteurs,US
The Rare Occasions,
The Rascals,US
The Red Jumpsuit Apparatus,US
The Rembrandts,US
The Replacements,US
The Revivalists,US
The Righteous Brothers,US
The Rolling Stones,GB
The Romantics,US
The Ronettes,US
The Roots,US
The Script,IE
The Seekers,AU
The Shins,US
The Shirelles,US
The Smashing Pumpkins,US
The Smithereens,US
The Smiths,GB
The Soggy Bottom Boys,US
The Specials,GB
The Spencer Davis Group,GB
The Staple Singers,US
The Starting Line,
The Steeldrivers,US
The Stone Roses,GB
The Strokes,US
The Struts,GB
The Sugarcubes,IS
The Sugarhill Gang,US
The Sundays,GB
The System,US
The Taxpayers,
The Temper Trap,AU
The Temptations,US
The Tokens,US
The Tony Rich Project,
The Tractors,US
The Tragically Hip,CA
The Trashmen,US
The Troggs,GB
The Used,US
The Vamps,
The Veronicas,AU
The Verve,GB
The Verve Pipe,US
The Vines,AU
The Wallflowers,US
The Walters,
The Wanted,GB
The Weeknd,CA
The Weepies,US
The Whispers,US
The White Stripes,US
The Whitest Boy Alive,DE
The Wiggles,AU
The Wood Brothers,US
The Wreckers,US
The xx,GB
The-Dream,US
Thelma Houston,US
Thelonious Monk Septet,
Them Dirty Roses,
Theory of a Deadman,CA
They Might Be Giants,US
Thievery Corporation,US
Third Eye Blind,US
Thirty Seconds To Mars,US
Thomas Newman,US
Thomas Rhett,US
Thompson Square,US
Thousand Foot Krutch,CA
Three 6 Mafia,
Three Days Grace,CA
Three Plus,US
Thrice,US
Thug Life,US
Thundercat,US
ThxSoMch,
Tiffany,US
Tikkle Me,SE
Tim Cappello,US
Tim McGraw,US
Timbaland,US
Timmy Trumpet,AU
Tina Turner,CH
Tinashe,US
Tink,US
Title Fight,US
Tito Nieves,PR
Tito Rojas,PR
Tito Torbellino,
Tiësto,NL
Tmsoft’s White Noise Sleep Sounds,
Toad The Wet Sprocket,US
Toadies,US
Toby Fox,US
Toby Keith,US
Tom Cochrane,CA
Tom Odell,GB
Tom Petty,US
Tom Petty and the Heartbreakers,US
Tom Rosenthal,GB
Tom T. Hall,US
Tommy Dorsey,US
Tommy James & The Shondells,US
Tommy Olivencia,PR
Tone-Loc,US
Tones And I,AU
Toni Braxton,US
Tonic,US
Tony Dize,PR
Tony Terry,US
Tony Vega,PR
Tony! Toni! Toné!,US
Too $hort,US
Toosii,US
Toploader,GB
Tori Amos,US
Tory Lanez,CA
Toshifumi Hinata,
Total,GB
Tove Lo,SE
Toy-Box,DK
Trace Adkins,US
Tracie Spencer,US
Tracy Byrd,US
Tracy Chapman,US
Tracy Lawrence,US
Train,US
Trampled by Turtles,US
Trapt,
Traveling Wilburys,US
Travie McCoy,US
Traviezoz de la Zierra,MX
Travis Porter,US
Travis Scott,US
Travis Tritt,US
Trebol Clan,PR
Trevor Daniel,US
Trevor Jones,ZA
Trey Lewis,US
Trey Songz,US
Tribal Seeds,US
Trick Daddy,US
Trillville,US
Trippie Redd,US
Trisha Yearwood,US
Troop,US
Tropical Panamá,MX
Troy,US
Troye Sivan,AU
Turnpike Troubadours,US
Tweet,US
Twenty One Pilots,US
Twista,US
Two Door Cinema Club,
Two Feet,US
Ty Dolla $ign,US
Ty Herndon,US
Tyga,US
Tyler Childers,US
Tyler Hubbard,US
"Tyler, The Creator",US
Type O Negative,US
Tyrese,
Télépopmusik,FR
U2,IE
UB40,GB
UGK,US
USHER,US
Ugly Kid Joe,US
Uncle Kracker,US
Uncle Lucius,US
Uncle Tupelo,US
Underoath,US
Unk,US
Unknown Mortal Orchestra,
Urge Overkill,
V,US
V.I.C.,US
Vacations,AU
Vagon Chicano,
Valentín Elizalde,MX
Vampire Weekend,US
Van Halen,US
Van Morrison,
Vance Joy,AU
Vanessa Carlton,US
Vanessa Williams,US
Vanilla Ice,US
Vansire,
Velvet Revolver,US
Vengaboys,NL
Vern Gosdin,US
Vertical Horizon,
Veruca Salt,US
Vicente Fernández,MX
Victoria Monét,US
Victorious Cast,US
Viento Y Sol,MX
Vierre Cloud,AU
Viktor Vaughn,US
Vilma Palma e Vampiros,AR
Vince Gill,US
Violent Femmes,US
Vixen,US
Volbeat,DK
Vundabar,
Víctor Manuelle,PR
WALK THE MOON,US
WILLIS,US
WILLOW,US
Wabie,
Wailing Souls,JM
Waka Flocka Flame,US
Wale,US
Walker Hayes,US
Wallows,
Wang Chung,GB
War,US
Warrant,US
Warren G,US
Warren Zeiders,
Warren Zevon,US
Washed Out,US
Watchhouse,US
Waylon Jennings,US
Wayne Newton,US
Wayne Wonder,JM
We The Kings,US
Weathers,
Webbie,US
Ween,US
Weezer,US
Wes Walker,
Westside Connection,US
Wet Wet Wet,GB
Wham!,GB
What So Not,AU
Wheatus,US
When In Rome,GB
Whirr,US
Whiskey Myers,US
White Lion,US
White Noise Baby Sleep,
White Noise Meditation,
White Town,
White Zombie,US
Whitesnake,GB
Whitey Morgan and the 78's,US
Whitney Houston,US
Wilco,US
Wild Rivers,
Will Paquin,US
Will Smith,US
Willie Colón,US
Willie Nelson,US
Wilson Phillips,US
Wilson Pickett,US
Winger,US
Wisin & Yandel,PR
Wiz Khalifa,US
Wizkid,NG
Wolfgang Amadeus Mozart,AT
Wolfine,CO
Wolfmother,AU
Wonder Girls,KR
Woodkid,FR
Wreckx-N-Effect,US
Wu-Tang Clan,US
Wyatt Flores,
Wyclef Jean,US
Wynonna,US
X Ambassadors,US
XTC,GB
XXXTENTACION,US
Xavier Wulf,
Xochilt,
Xscape,US
Xtreme,US
Xzibit,US
YBN Nahmir,US
YG,US
YNW Melly,US
Yael Naim,FR
Yaga & Mackie,PR
Yahritza Y Su Esencia,US
Yann Tiersen,FR
Yanni,GR
Yeah Yeah Yeahs,US
Yeat,US
Yellowcard,US
Yes,GB
Ying Yang Twins,
Yiruma,KR
Yndio,MX
Yng Lvcas,
Yoke Lore,US
Yot Club,US
Young Bleed,US
Young Buck,US
Young Dolph,US
Young Dro,US
Young MC,US
Young Money,US
Young Nudy,US
Young Thug,US
Young the Giant,US
YoungBoy Never Broke Again,US
Youngbloodz,
Yung Joc,US
Yung Lean,SE
Yuridia,MX
Yvonne Elliman,US
ZAYN,
ZZ Top,US
Zac Brown Band,US
Zac Efron,US
Zach Bryan,US
Zara Larsson,SE
Zedd,DE
Zendaya,US
Zero 7,GB
Zhané,US
Ziggy Marley,JM
Zion,US
Zion & Lennox,PR
Zoé,MX
alt-J,GB
ame,DE
beabadoobee,
benny blanco,US
blackbear,US
blessthefall,US
blink-182,US
bôa,KR
d4vd,US
dandelion hands,US
deadmau5,CA
fun.,IT
g3ox_em,RO
girl in red,NO
gnash,US
grandson,CA
grentperez,
iamjakehill,
iann dior,US
jagger finn,
juju<3,
keshi,US
lovelytheband,US
mike.,GB
my bloody valentine,IE
of Montreal,US
salvia palth,NZ
siouxxie sixxsta,
stxr29,
t.A.T.u.,RU
tobi lou,US
wave to earth,KR
will.i.am,US
Édith Piaf,FR
Ñejo & Dalmata,PR
Ñengo Flow,PR
Øneheart,
